scenarioId,scenario,region,distanceClass,osrmCandidateCount,timeCase,departureUtc,analysisMode,fastestRouteId,shadeRouteId,sameRoute,distanceKm,fastestMinutes,shadeMinutes,detourMinutes,fastestDirectWhM2,shadeDirectWhM2,avoidedIncidentWhM2,directSolarReductionPct,bestAvailableRouteId,bestAvailableDirectWhM2,bestAvailableReductionPct,shadeConfirmedPct,shadeUncertainPct,sunlitTimePct,sceneCoveragePct,coolingMinWh,coolingCentralWh,coolingMaxWh,bestCoolingMinWh,bestCoolingCentralWh,bestCoolingMaxWh,packRequests,packBytes
NE-S,Boston Back Bay → Brookline,northeast,short,4,Summer 08:00,2026-06-21T12:00:00.000Z,scene,"route-4494.00000-558.60000--71.08253-42.34916--71.12119-42.33169--71.0825,42.3492;-71.0869,42.3484;-71.0869,42.3456;-71.0869,42.3424;-71.0897,42.3402;-71.0940,42.3384;-71.0984,42.3367;-71.1028,42.3350;-71.1071,42.3333;-71.1116,42.3322;-71.1165,42.3319;-71.1212,42.3317","route-4494.00000-558.60000--71.08253-42.34916--71.12119-42.33169--71.0825,42.3492;-71.0869,42.3484;-71.0869,42.3456;-71.0869,42.3424;-71.0897,42.3402;-71.0940,42.3384;-71.0984,42.3367;-71.1028,42.3350;-71.1071,42.3333;-71.1116,42.3322;-71.1165,42.3319;-71.1212,42.3317",true,4.494,9.316666666666666,9.316666666666666,0,49.63903826291471,49.63903826291471,0,0,"route-4494.00000-558.60000--71.08253-42.34916--71.12119-42.33169--71.0825,42.3492;-71.0869,42.3484;-71.0869,42.3456;-71.0869,42.3424;-71.0897,42.3402;-71.0940,42.3384;-71.0984,42.3367;-71.1028,42.3350;-71.1071,42.3333;-71.1116,42.3322;-71.1165,42.3319;-71.1212,42.3317",49.63903826291471,0,18.98155774988509,16.633623480134034,81.0184422501149,100,0,0,0,0,0,0,2,6097654
NE-S,Boston Back Bay → Brookline,northeast,short,4,Summer 13:00,2026-06-21T17:00:00.000Z,scene,"route-4494.00000-558.60000--71.08253-42.34916--71.12119-42.33169--71.0825,42.3492;-71.0869,42.3484;-71.0869,42.3456;-71.0869,42.3424;-71.0897,42.3402;-71.0940,42.3384;-71.0984,42.3367;-71.1028,42.3350;-71.1071,42.3333;-71.1116,42.3322;-71.1165,42.3319;-71.1212,42.3317","route-4494.00000-558.60000--71.08253-42.34916--71.12119-42.33169--71.0825,42.3492;-71.0869,42.3484;-71.0869,42.3456;-71.0869,42.3424;-71.0897,42.3402;-71.0940,42.3384;-71.0984,42.3367;-71.1028,42.3350;-71.1071,42.3333;-71.1116,42.3322;-71.1165,42.3319;-71.1212,42.3317",true,4.494,9.316666666666666,9.316666666666666,0,122.4088341967659,122.4088341967659,0,0,"route-4494.00000-558.60000--71.08253-42.34916--71.12119-42.33169--71.0825,42.3492;-71.0869,42.3484;-71.0869,42.3456;-71.0869,42.3424;-71.0897,42.3402;-71.0940,42.3384;-71.0984,42.3367;-71.1028,42.3350;-71.1071,42.3333;-71.1116,42.3322;-71.1165,42.3319;-71.1212,42.3317",122.4088341967659,0,10.250749253932508,2.35683926474446,89.74925074606749,100,0,0,0,0,0,0,2,9121037
NE-S,Boston Back Bay → Brookline,northeast,short,4,Summer 18:00,2026-06-21T22:00:00.000Z,scene,"route-4494.00000-558.60000--71.08253-42.34916--71.12119-42.33169--71.0825,42.3492;-71.0869,42.3484;-71.0869,42.3456;-71.0869,42.3424;-71.0897,42.3402;-71.0940,42.3384;-71.0984,42.3367;-71.1028,42.3350;-71.1071,42.3333;-71.1116,42.3322;-71.1165,42.3319;-71.1212,42.3317","route-4494.00000-558.60000--71.08253-42.34916--71.12119-42.33169--71.0825,42.3492;-71.0869,42.3484;-71.0869,42.3456;-71.0869,42.3424;-71.0897,42.3402;-71.0940,42.3384;-71.0984,42.3367;-71.1028,42.3350;-71.1071,42.3333;-71.1116,42.3322;-71.1165,42.3319;-71.1212,42.3317",true,4.494,9.316666666666666,9.316666666666666,0,35.99530501859502,35.99530501859502,0,0,"route-4494.00000-558.60000--71.08253-42.34916--71.12119-42.33169--71.0825,42.3492;-71.0869,42.3484;-71.0869,42.3456;-71.0869,42.3424;-71.0897,42.3402;-71.0940,42.3384;-71.0984,42.3367;-71.1028,42.3350;-71.1071,42.3333;-71.1116,42.3322;-71.1165,42.3319;-71.1212,42.3317",35.99530501859502,0,18.990217436888422,32.260009591286995,81.00978256311157,100,0,0,0,0,0,0,2,8724085
NE-S,Boston Back Bay → Brookline,northeast,short,4,Winter 13:00,2026-12-21T18:00:00.000Z,scene,"route-4494.00000-558.60000--71.08253-42.34916--71.12119-42.33169--71.0825,42.3492;-71.0869,42.3484;-71.0869,42.3456;-71.0869,42.3424;-71.0897,42.3402;-71.0940,42.3384;-71.0984,42.3367;-71.1028,42.3350;-71.1071,42.3333;-71.1116,42.3322;-71.1165,42.3319;-71.1212,42.3317","route-4494.00000-558.60000--71.08253-42.34916--71.12119-42.33169--71.0825,42.3492;-71.0869,42.3484;-71.0869,42.3456;-71.0869,42.3424;-71.0897,42.3402;-71.0940,42.3384;-71.0984,42.3367;-71.1028,42.3350;-71.1071,42.3333;-71.1116,42.3322;-71.1165,42.3319;-71.1212,42.3317",true,4.494,9.316666666666666,9.316666666666666,0,35.82108939947199,35.82108939947199,0,0,"route-4494.00000-558.60000--71.08253-42.34916--71.12119-42.33169--71.0825,42.3492;-71.0869,42.3484;-71.0869,42.3456;-71.0869,42.3424;-71.0897,42.3402;-71.0940,42.3384;-71.0984,42.3367;-71.1028,42.3350;-71.1071,42.3333;-71.1116,42.3322;-71.1165,42.3319;-71.1212,42.3317",35.82108939947199,0,17.91710632129927,19.682866173894233,82.08289367870073,100,0,0,0,0,0,0,2,9121037
NE-M,Boston → Salem,northeast,medium,4,Summer 08:00,2026-06-21T12:00:00.000Z,scene,"route-24745.30000-1669.60000--71.05845-42.35966--70.89672-42.51926--71.0585,42.3597;-71.0657,42.3716;-71.0485,42.3838;-71.0300,42.3951;-71.0123,42.4102;-70.9996,42.4278;-70.9852,42.4450;-70.9681,42.4605;-70.9503,42.4758;-70.9347,42.4923;-70.9167,42.5071;-70.8967,42.5193","route-24745.30000-1669.60000--71.05845-42.35966--70.89672-42.51926--71.0585,42.3597;-71.0657,42.3716;-71.0485,42.3838;-71.0300,42.3951;-71.0123,42.4102;-70.9996,42.4278;-70.9852,42.4450;-70.9681,42.4605;-70.9503,42.4758;-70.9347,42.4923;-70.9167,42.5071;-70.8967,42.5193",true,24.7453,27.833333333333332,27.833333333333332,0,170.88836903589436,170.88836903589436,0,0,"route-24745.30000-1669.60000--71.05845-42.35966--70.89672-42.51926--71.0585,42.3597;-71.0657,42.3716;-71.0485,42.3838;-71.0300,42.3951;-71.0123,42.4102;-70.9996,42.4278;-70.9852,42.4450;-70.9681,42.4605;-70.9503,42.4758;-70.9347,42.4923;-70.9167,42.5071;-70.8967,42.5193",170.88836903589436,0,13.782639866658494,1.1865874710552697,86.21736013334149,100,0,0,0,0,0,0,6,13819994
NE-M,Boston → Salem,northeast,medium,4,Summer 13:00,2026-06-21T17:00:00.000Z,scene,"route-24745.30000-1669.60000--71.05845-42.35966--70.89672-42.51926--71.0585,42.3597;-71.0657,42.3716;-71.0485,42.3838;-71.0300,42.3951;-71.0123,42.4102;-70.9996,42.4278;-70.9852,42.4450;-70.9681,42.4605;-70.9503,42.4758;-70.9347,42.4923;-70.9167,42.5071;-70.8967,42.5193","route-24745.30000-1669.60000--71.05845-42.35966--70.89672-42.51926--71.0585,42.3597;-71.0657,42.3716;-71.0485,42.3838;-71.0300,42.3951;-71.0123,42.4102;-70.9996,42.4278;-70.9852,42.4450;-70.9681,42.4605;-70.9503,42.4758;-70.9347,42.4923;-70.9167,42.5071;-70.8967,42.5193",true,24.7453,27.833333333333332,27.833333333333332,0,349.43700678551414,349.43700678551414,0,0,"route-24745.30000-1669.60000--71.05845-42.35966--70.89672-42.51926--71.0585,42.3597;-71.0657,42.3716;-71.0485,42.3838;-71.0300,42.3951;-71.0123,42.4102;-70.9996,42.4278;-70.9852,42.4450;-70.9681,42.4605;-70.9503,42.4758;-70.9347,42.4923;-70.9167,42.5071;-70.8967,42.5193",349.43700678551414,0,13.776095150962586,0.029196073954472827,86.22390484903742,100,0,0,0,0,0,0,5,13178985
NE-M,Boston → Salem,northeast,medium,4,Summer 18:00,2026-06-21T22:00:00.000Z,scene,"route-24745.30000-1669.60000--71.05845-42.35966--70.89672-42.51926--71.0585,42.3597;-71.0657,42.3716;-71.0485,42.3838;-71.0300,42.3951;-71.0123,42.4102;-70.9996,42.4278;-70.9852,42.4450;-70.9681,42.4605;-70.9503,42.4758;-70.9347,42.4923;-70.9167,42.5071;-70.8967,42.5193","route-24745.30000-1669.60000--71.05845-42.35966--70.89672-42.51926--71.0585,42.3597;-71.0657,42.3716;-71.0485,42.3838;-71.0300,42.3951;-71.0123,42.4102;-70.9996,42.4278;-70.9852,42.4450;-70.9681,42.4605;-70.9503,42.4758;-70.9347,42.4923;-70.9167,42.5071;-70.8967,42.5193",true,24.7453,27.833333333333332,27.833333333333332,0,105.30541056986145,105.30541056986145,0,0,"route-24745.30000-1669.60000--71.05845-42.35966--70.89672-42.51926--71.0585,42.3597;-71.0657,42.3716;-71.0485,42.3838;-71.0300,42.3951;-71.0123,42.4102;-70.9996,42.4278;-70.9852,42.4450;-70.9681,42.4605;-70.9503,42.4758;-70.9347,42.4923;-70.9167,42.5071;-70.8967,42.5193",105.30541056986145,0,11.023186374487778,1.963887068537902,88.97681362551222,100,0,0,0,0,0,0,5,16029753
NE-M,Boston → Salem,northeast,medium,4,Winter 13:00,2026-12-21T18:00:00.000Z,scene,"route-24745.30000-1669.60000--71.05845-42.35966--70.89672-42.51926--71.0585,42.3597;-71.0657,42.3716;-71.0485,42.3838;-71.0300,42.3951;-71.0123,42.4102;-70.9996,42.4278;-70.9852,42.4450;-70.9681,42.4605;-70.9503,42.4758;-70.9347,42.4923;-70.9167,42.5071;-70.8967,42.5193","route-24745.30000-1669.60000--71.05845-42.35966--70.89672-42.51926--71.0585,42.3597;-71.0657,42.3716;-71.0485,42.3838;-71.0300,42.3951;-71.0123,42.4102;-70.9996,42.4278;-70.9852,42.4450;-70.9681,42.4605;-70.9503,42.4758;-70.9347,42.4923;-70.9167,42.5071;-70.8967,42.5193",true,24.7453,27.833333333333332,27.833333333333332,0,109.60326446988768,109.60326446988768,0,0,"route-24745.30000-1669.60000--71.05845-42.35966--70.89672-42.51926--71.0585,42.3597;-71.0657,42.3716;-71.0485,42.3838;-71.0300,42.3951;-71.0123,42.4102;-70.9996,42.4278;-70.9852,42.4450;-70.9681,42.4605;-70.9503,42.4758;-70.9347,42.4923;-70.9167,42.5071;-70.8967,42.5193",109.60326446988768,0,11.38757012019364,3.777574966482973,88.61242987980637,100,0,0,0,0,0,0,6,13819994
NE-L,Boston → Providence,northeast,long,3,Summer 08:00,2026-06-21T12:00:00.000Z,scene,"route-81118.70000-4119.70000--71.05845-42.35966--71.41265-41.82388--71.0585,42.3597;-71.0510,42.3027;-71.0299,42.2440;-71.0771,42.2043;-71.1500,42.1942;-71.2075,42.1443;-71.2221,42.0854;-71.2587,42.0260;-71.2960,41.9695;-71.3387,41.9114;-71.3962,41.8723;-71.4126,41.8239","route-81118.70000-4119.70000--71.05845-42.35966--71.41265-41.82388--71.0585,42.3597;-71.0510,42.3027;-71.0299,42.2440;-71.0771,42.2043;-71.1500,42.1942;-71.2075,42.1443;-71.2221,42.0854;-71.2587,42.0260;-71.2960,41.9695;-71.3387,41.9114;-71.3962,41.8723;-71.4126,41.8239",true,81.1187,68.66666666666667,68.66666666666667,0,521.5384091833544,521.5384091833544,0,0,"route-81118.70000-4119.70000--71.05845-42.35966--71.41265-41.82388--71.0585,42.3597;-71.0510,42.3027;-71.0299,42.2440;-71.0771,42.2043;-71.1500,42.1942;-71.2075,42.1443;-71.2221,42.0854;-71.2587,42.0260;-71.2960,41.9695;-71.3387,41.9114;-71.3962,41.8723;-71.4126,41.8239",521.5384091833544,0,5.2559906764723,0.14805381661082578,94.7440093235277,100,0,0,0,0,0,0,14,26616526
NE-L,Boston → Providence,northeast,long,3,Summer 13:00,2026-06-21T17:00:00.000Z,scene,"route-81118.70000-4119.70000--71.05845-42.35966--71.41265-41.82388--71.0585,42.3597;-71.0510,42.3027;-71.0299,42.2440;-71.0771,42.2043;-71.1500,42.1942;-71.2075,42.1443;-71.2221,42.0854;-71.2587,42.0260;-71.2960,41.9695;-71.3387,41.9114;-71.3962,41.8723;-71.4126,41.8239","route-81118.70000-4119.70000--71.05845-42.35966--71.41265-41.82388--71.0585,42.3597;-71.0510,42.3027;-71.0299,42.2440;-71.0771,42.2043;-71.1500,42.1942;-71.2075,42.1443;-71.2221,42.0854;-71.2587,42.0260;-71.2960,41.9695;-71.3387,41.9114;-71.3962,41.8723;-71.4126,41.8239",true,81.1187,68.66666666666667,68.66666666666667,0,936.5019327601528,936.5019327601528,0,0,"route-81118.70000-4119.70000--71.05845-42.35966--71.41265-41.82388--71.0585,42.3597;-71.0510,42.3027;-71.0299,42.2440;-71.0771,42.2043;-71.1500,42.1942;-71.2075,42.1443;-71.2221,42.0854;-71.2587,42.0260;-71.2960,41.9695;-71.3387,41.9114;-71.3962,41.8723;-71.4126,41.8239",936.5019327601528,0,5.159777405509753,0,94.84022259449024,100,0,0,0,0,0,0,12,24667827
NE-L,Boston → Providence,northeast,long,3,Summer 18:00,2026-06-21T22:00:00.000Z,scene,"route-81118.70000-4119.70000--71.05845-42.35966--71.41265-41.82388--71.0585,42.3597;-71.0510,42.3027;-71.0299,42.2440;-71.0771,42.2043;-71.1500,42.1942;-71.2075,42.1443;-71.2221,42.0854;-71.2587,42.0260;-71.2960,41.9695;-71.3387,41.9114;-71.3962,41.8723;-71.4126,41.8239","route-81118.70000-4119.70000--71.05845-42.35966--71.41265-41.82388--71.0585,42.3597;-71.0510,42.3027;-71.0299,42.2440;-71.0771,42.2043;-71.1500,42.1942;-71.2075,42.1443;-71.2221,42.0854;-71.2587,42.0260;-71.2960,41.9695;-71.3387,41.9114;-71.3962,41.8723;-71.4126,41.8239",true,81.1187,68.66666666666667,68.66666666666667,0,215.4303193128968,215.4303193128968,0,0,"route-81118.70000-4119.70000--71.05845-42.35966--71.41265-41.82388--71.0585,42.3597;-71.0510,42.3027;-71.0299,42.2440;-71.0771,42.2043;-71.1500,42.1942;-71.2075,42.1443;-71.2221,42.0854;-71.2587,42.0260;-71.2960,41.9695;-71.3387,41.9114;-71.3962,41.8723;-71.4126,41.8239",215.4303193128968,0,5.159777405509753,1.0847219533260064,94.84022259449024,100,0,0,0,0,0,0,14,26988076
NE-L,Boston → Providence,northeast,long,3,Winter 13:00,2026-12-21T18:00:00.000Z,scene,"route-81118.70000-4119.70000--71.05845-42.35966--71.41265-41.82388--71.0585,42.3597;-71.0510,42.3027;-71.0299,42.2440;-71.0771,42.2043;-71.1500,42.1942;-71.2075,42.1443;-71.2221,42.0854;-71.2587,42.0260;-71.2960,41.9695;-71.3387,41.9114;-71.3962,41.8723;-71.4126,41.8239","route-81118.70000-4119.70000--71.05845-42.35966--71.41265-41.82388--71.0585,42.3597;-71.0510,42.3027;-71.0299,42.2440;-71.0771,42.2043;-71.1500,42.1942;-71.2075,42.1443;-71.2221,42.0854;-71.2587,42.0260;-71.2960,41.9695;-71.3387,41.9114;-71.3962,41.8723;-71.4126,41.8239",true,81.1187,68.66666666666667,68.66666666666667,0,264.96583383627285,264.96583383627285,0,0,"route-81118.70000-4119.70000--71.05845-42.35966--71.41265-41.82388--71.0585,42.3597;-71.0510,42.3027;-71.0299,42.2440;-71.0771,42.2043;-71.1500,42.1942;-71.2075,42.1443;-71.2221,42.0854;-71.2587,42.0260;-71.2960,41.9695;-71.3387,41.9114;-71.3962,41.8723;-71.4126,41.8239",264.96583383627285,0,5.159777405509753,0.300875369416385,94.84022259449024,100,0,0,0,0,0,0,25,50432875
MW-S,Chicago Loop → Hyde Park,midwest,short,3,Summer 08:00,2026-06-21T13:00:00.000Z,hybrid-scene,"route-12849.20000-971.50000--87.63250-41.88370--87.59032-41.79430--87.6325,41.8837;-87.6256,41.8783;-87.6173,41.8740;-87.6192,41.8640;-87.6150,41.8539;-87.6109,41.8439;-87.6077,41.8337;-87.6003,41.8249;-87.5941,41.8155;-87.5906,41.8079;-87.5873,41.7977;-87.5903,41.7943","route-12849.20000-971.50000--87.63250-41.88370--87.59032-41.79430--87.6325,41.8837;-87.6256,41.8783;-87.6173,41.8740;-87.6192,41.8640;-87.6150,41.8539;-87.6109,41.8439;-87.6077,41.8337;-87.6003,41.8249;-87.5941,41.8155;-87.5906,41.8079;-87.5873,41.7977;-87.5903,41.7943",true,12.849200000000002,16.2,16.2,0,100.30894837379661,100.30894837379661,0,0,"route-12849.20000-971.50000--87.63250-41.88370--87.59032-41.79430--87.6325,41.8837;-87.6256,41.8783;-87.6173,41.8740;-87.6192,41.8640;-87.6150,41.8539;-87.6109,41.8439;-87.6077,41.8337;-87.6003,41.8249;-87.5941,41.8155;-87.5906,41.8079;-87.5873,41.7977;-87.5903,41.7943",100.30894837379661,0,4.05700905929383,1.6816559068972385,95.94299094070618,69.79865771812081,0,0,0,0,0,0,2,2313751
MW-S,Chicago Loop → Hyde Park,midwest,short,3,Summer 13:00,2026-06-21T18:00:00.000Z,scene,"route-12849.20000-971.50000--87.63250-41.88370--87.59032-41.79430--87.6325,41.8837;-87.6256,41.8783;-87.6173,41.8740;-87.6192,41.8640;-87.6150,41.8539;-87.6109,41.8439;-87.6077,41.8337;-87.6003,41.8249;-87.5941,41.8155;-87.5906,41.8079;-87.5873,41.7977;-87.5903,41.7943","route-12849.20000-971.50000--87.63250-41.88370--87.59032-41.79430--87.6325,41.8837;-87.6256,41.8783;-87.6173,41.8740;-87.6192,41.8640;-87.6150,41.8539;-87.6109,41.8439;-87.6077,41.8337;-87.6003,41.8249;-87.5941,41.8155;-87.5906,41.8079;-87.5873,41.7977;-87.5903,41.7943",true,12.849200000000002,16.2,16.2,0,229.49919897123257,229.49919897123257,0,0,"route-12849.20000-971.50000--87.63250-41.88370--87.59032-41.79430--87.6325,41.8837;-87.6256,41.8783;-87.6173,41.8740;-87.6192,41.8640;-87.6150,41.8539;-87.6109,41.8439;-87.6077,41.8337;-87.6003,41.8249;-87.5941,41.8155;-87.5906,41.8079;-87.5873,41.7977;-87.5903,41.7943",229.49919897123257,0,3.783110354570408,0,96.21688964542959,100,0,0,0,0,0,0,4,15484589
MW-S,Chicago Loop → Hyde Park,midwest,short,3,Summer 18:00,2026-06-21T23:00:00.000Z,scene,"route-12849.20000-971.50000--87.63250-41.88370--87.59032-41.79430--87.6325,41.8837;-87.6256,41.8783;-87.6173,41.8740;-87.6192,41.8640;-87.6150,41.8539;-87.6109,41.8439;-87.6077,41.8337;-87.6003,41.8249;-87.5941,41.8155;-87.5906,41.8079;-87.5873,41.7977;-87.5903,41.7943","route-12849.20000-971.50000--87.63250-41.88370--87.59032-41.79430--87.6325,41.8837;-87.6256,41.8783;-87.6173,41.8740;-87.6192,41.8640;-87.6150,41.8539;-87.6109,41.8439;-87.6077,41.8337;-87.6003,41.8249;-87.5941,41.8155;-87.5906,41.8079;-87.5873,41.7977;-87.5903,41.7943",true,12.849200000000002,16.2,16.2,0,70.0886733558811,70.0886733558811,0,0,"route-12849.20000-971.50000--87.63250-41.88370--87.59032-41.79430--87.6325,41.8837;-87.6256,41.8783;-87.6173,41.8740;-87.6192,41.8640;-87.6150,41.8539;-87.6109,41.8439;-87.6077,41.8337;-87.6003,41.8249;-87.5941,41.8155;-87.5906,41.8079;-87.5873,41.7977;-87.5903,41.7943",70.0886733558811,0,10.906274287578968,9.944747145949725,89.09372571242102,100,0,0,0,0,0,0,4,13869201
MW-S,Chicago Loop → Hyde Park,midwest,short,3,Winter 13:00,2026-12-21T19:00:00.000Z,scene,"route-12849.20000-971.50000--87.63250-41.88370--87.59032-41.79430--87.6325,41.8837;-87.6256,41.8783;-87.6173,41.8740;-87.6192,41.8640;-87.6150,41.8539;-87.6109,41.8439;-87.6077,41.8337;-87.6003,41.8249;-87.5941,41.8155;-87.5906,41.8079;-87.5873,41.7977;-87.5903,41.7943","route-12849.20000-971.50000--87.63250-41.88370--87.59032-41.79430--87.6325,41.8837;-87.6256,41.8783;-87.6173,41.8740;-87.6192,41.8640;-87.6150,41.8539;-87.6109,41.8439;-87.6077,41.8337;-87.6003,41.8249;-87.5941,41.8155;-87.5906,41.8079;-87.5873,41.7977;-87.5903,41.7943",true,12.849200000000002,16.2,16.2,0,71.43027967373848,71.43027967373848,0,0,"route-12849.20000-971.50000--87.63250-41.88370--87.59032-41.79430--87.6325,41.8837;-87.6256,41.8783;-87.6173,41.8740;-87.6192,41.8640;-87.6150,41.8539;-87.6109,41.8439;-87.6077,41.8337;-87.6003,41.8249;-87.5941,41.8155;-87.5906,41.8079;-87.5873,41.7977;-87.5903,41.7943",71.43027967373848,0,9.586640023818584,10.616220784385645,90.41335997618141,100,0,0,0,0,0,0,5,19933072
MW-M,Chicago → Aurora,midwest,medium,4,Summer 08:00,2026-06-21T13:00:00.000Z,scene,"route-66964.50000-3450.40000--87.62977-41.87810--88.32016-41.76062--87.6298,41.8781;-87.6998,41.8755;-87.7724,41.8711;-87.8450,41.8713;-87.9158,41.8702;-87.9739,41.8445;-88.0284,41.8140;-88.0979,41.8058;-88.1712,41.8065;-88.2441,41.8008;-88.3171,41.7964;-88.3202,41.7606","route-66964.50000-3450.40000--87.62977-41.87810--88.32016-41.76062--87.6298,41.8781;-87.6998,41.8755;-87.7724,41.8711;-87.8450,41.8713;-87.9158,41.8702;-87.9739,41.8445;-88.0284,41.8140;-88.0979,41.8058;-88.1712,41.8065;-88.2441,41.8008;-88.3171,41.7964;-88.3202,41.7606",true,66.9645,57.5,57.5,0,410.2257566745862,410.2257566745862,0,0,"route-66964.50000-3450.40000--87.62977-41.87810--88.32016-41.76062--87.6298,41.8781;-87.6998,41.8755;-87.7724,41.8711;-87.8450,41.8713;-87.9158,41.8702;-87.9739,41.8445;-88.0284,41.8140;-88.0979,41.8058;-88.1712,41.8065;-88.2441,41.8008;-88.3171,41.7964;-88.3202,41.7606",410.2257566745862,0,3.4889579657785537,0.3418503795835384,96.51104203422145,100,0,0,0,0,0,0,11,34917621
MW-M,Chicago → Aurora,midwest,medium,4,Summer 13:00,2026-06-21T18:00:00.000Z,scene,"route-66964.50000-3450.40000--87.62977-41.87810--88.32016-41.76062--87.6298,41.8781;-87.6998,41.8755;-87.7724,41.8711;-87.8450,41.8713;-87.9158,41.8702;-87.9739,41.8445;-88.0284,41.8140;-88.0979,41.8058;-88.1712,41.8065;-88.2441,41.8008;-88.3171,41.7964;-88.3202,41.7606","route-66964.50000-3450.40000--87.62977-41.87810--88.32016-41.76062--87.6298,41.8781;-87.6998,41.8755;-87.7724,41.8711;-87.8450,41.8713;-87.9158,41.8702;-87.9739,41.8445;-88.0284,41.8140;-88.0979,41.8058;-88.1712,41.8065;-88.2441,41.8008;-88.3171,41.7964;-88.3202,41.7606",true,66.9645,57.5,57.5,0,809.1504475272138,809.1504475272138,0,0,"route-66964.50000-3450.40000--87.62977-41.87810--88.32016-41.76062--87.6298,41.8781;-87.6998,41.8755;-87.7724,41.8711;-87.8450,41.8713;-87.9158,41.8702;-87.9739,41.8445;-88.0284,41.8140;-88.0979,41.8058;-88.1712,41.8065;-88.2441,41.8008;-88.3171,41.7964;-88.3202,41.7606",809.1504475272138,0,3.4889579657785537,0,96.51104203422145,100,0,0,0,0,0,0,15,48395269
MW-M,Chicago → Aurora,midwest,medium,4,Summer 18:00,2026-06-21T23:00:00.000Z,scene,"route-66964.50000-3450.40000--87.62977-41.87810--88.32016-41.76062--87.6298,41.8781;-87.6998,41.8755;-87.7724,41.8711;-87.8450,41.8713;-87.9158,41.8702;-87.9739,41.8445;-88.0284,41.8140;-88.0979,41.8058;-88.1712,41.8065;-88.2441,41.8008;-88.3171,41.7964;-88.3202,41.7606","route-66964.50000-3450.40000--87.62977-41.87810--88.32016-41.76062--87.6298,41.8781;-87.6998,41.8755;-87.7724,41.8711;-87.8450,41.8713;-87.9158,41.8702;-87.9739,41.8445;-88.0284,41.8140;-88.0979,41.8058;-88.1712,41.8065;-88.2441,41.8008;-88.3171,41.7964;-88.3202,41.7606",true,66.9645,57.5,57.5,0,218.38778838359588,218.38778838359588,0,0,"route-66964.50000-3450.40000--87.62977-41.87810--88.32016-41.76062--87.6298,41.8781;-87.6998,41.8755;-87.7724,41.8711;-87.8450,41.8713;-87.9158,41.8702;-87.9739,41.8445;-88.0284,41.8140;-88.0979,41.8058;-88.1712,41.8065;-88.2441,41.8008;-88.3171,41.7964;-88.3202,41.7606",218.38778838359588,0,3.6293367802747794,0.2740595771334781,96.37066321972523,100,0,0,0,0,0,0,21,69652510
MW-M,Chicago → Aurora,midwest,medium,4,Winter 13:00,2026-12-21T19:00:00.000Z,scene,"route-66964.50000-3450.40000--87.62977-41.87810--88.32016-41.76062--87.6298,41.8781;-87.6998,41.8755;-87.7724,41.8711;-87.8450,41.8713;-87.9158,41.8702;-87.9739,41.8445;-88.0284,41.8140;-88.0979,41.8058;-88.1712,41.8065;-88.2441,41.8008;-88.3171,41.7964;-88.3202,41.7606","route-66964.50000-3450.40000--87.62977-41.87810--88.32016-41.76062--87.6298,41.8781;-87.6998,41.8755;-87.7724,41.8711;-87.8450,41.8713;-87.9158,41.8702;-87.9739,41.8445;-88.0284,41.8140;-88.0979,41.8058;-88.1712,41.8065;-88.2441,41.8008;-88.3171,41.7964;-88.3202,41.7606",true,66.9645,57.5,57.5,0,247.50157512156,247.50157512156,0,0,"route-66964.50000-3450.40000--87.62977-41.87810--88.32016-41.76062--87.6298,41.8781;-87.6998,41.8755;-87.7724,41.8711;-87.8450,41.8713;-87.9158,41.8702;-87.9739,41.8445;-88.0284,41.8140;-88.0979,41.8058;-88.1712,41.8065;-88.2441,41.8008;-88.3171,41.7964;-88.3202,41.7606",247.50157512156,0,3.7697175589124243,1.0555176453308617,96.23028244108758,100,0,0,0,0,0,0,15,48395269
MW-L,Chicago → Milwaukee,midwest,long,2,Summer 08:00,2026-06-21T13:00:00.000Z,hybrid-scene,"route-143114.30000-6732.50000--87.62977-41.87810--87.90657-43.03890--87.6298,41.8781;-87.7274,41.9521;-87.7611,42.0540;-87.8066,42.1605;-87.8637,42.2663;-87.9018,42.3768;-87.9466,42.4799;-87.9524,42.5965;-87.9537,42.7135;-87.9525,42.8306;-87.9349,42.9443;-87.9066,43.0389","route-143114.30000-6732.50000--87.62977-41.87810--87.90657-43.03890--87.6298,41.8781;-87.7274,41.9521;-87.7611,42.0540;-87.8066,42.1605;-87.8637,42.2663;-87.9018,42.3768;-87.9466,42.4799;-87.9524,42.5965;-87.9537,42.7135;-87.9525,42.8306;-87.9349,42.9443;-87.9066,43.0389",true,143.1143,112.21666666666667,112.21666666666667,0,931.3660723207717,931.3660723207717,0,0,"route-143114.30000-6732.50000--87.62977-41.87810--87.90657-43.03890--87.6298,41.8781;-87.7274,41.9521;-87.7611,42.0540;-87.8066,42.1605;-87.8637,42.2663;-87.9018,42.3768;-87.9466,42.4799;-87.9524,42.5965;-87.9537,42.7135;-87.9525,42.8306;-87.9349,42.9443;-87.9066,43.0389",931.3660723207717,0,3.9129382203535936,0,96.0870617796464,95.61952440550688,0,0,0,0,0,0,18,61800611
MW-L,Chicago → Milwaukee,midwest,long,2,Summer 13:00,2026-06-21T18:00:00.000Z,scene,"route-143114.30000-6732.50000--87.62977-41.87810--87.90657-43.03890--87.6298,41.8781;-87.7274,41.9521;-87.7611,42.0540;-87.8066,42.1605;-87.8637,42.2663;-87.9018,42.3768;-87.9466,42.4799;-87.9524,42.5965;-87.9537,42.7135;-87.9525,42.8306;-87.9349,42.9443;-87.9066,43.0389","route-143114.30000-6732.50000--87.62977-41.87810--87.90657-43.03890--87.6298,41.8781;-87.7274,41.9521;-87.7611,42.0540;-87.8066,42.1605;-87.8637,42.2663;-87.9018,42.3768;-87.9466,42.4799;-87.9524,42.5965;-87.9537,42.7135;-87.9525,42.8306;-87.9349,42.9443;-87.9066,43.0389",true,143.1143,112.21666666666667,112.21666666666667,0,1522.2247541999507,1522.2247541999507,0,0,"route-143114.30000-6732.50000--87.62977-41.87810--87.90657-43.03890--87.6298,41.8781;-87.7274,41.9521;-87.7611,42.0540;-87.8066,42.1605;-87.8637,42.2663;-87.9018,42.3768;-87.9466,42.4799;-87.9524,42.5965;-87.9537,42.7135;-87.9525,42.8306;-87.9349,42.9443;-87.9066,43.0389",1522.2247541999507,0,3.9129382203535936,0,96.0870617796464,100,0,0,0,0,0,0,20,69822195
MW-L,Chicago → Milwaukee,midwest,long,2,Summer 18:00,2026-06-21T23:00:00.000Z,scene,"route-143114.30000-6732.50000--87.62977-41.87810--87.90657-43.03890--87.6298,41.8781;-87.7274,41.9521;-87.7611,42.0540;-87.8066,42.1605;-87.8637,42.2663;-87.9018,42.3768;-87.9466,42.4799;-87.9524,42.5965;-87.9537,42.7135;-87.9525,42.8306;-87.9349,42.9443;-87.9066,43.0389","route-143114.30000-6732.50000--87.62977-41.87810--87.90657-43.03890--87.6298,41.8781;-87.7274,41.9521;-87.7611,42.0540;-87.8066,42.1605;-87.8637,42.2663;-87.9018,42.3768;-87.9466,42.4799;-87.9524,42.5965;-87.9537,42.7135;-87.9525,42.8306;-87.9349,42.9443;-87.9066,43.0389",true,143.1143,112.21666666666667,112.21666666666667,0,297.6829620732628,297.6829620732628,0,0,"route-143114.30000-6732.50000--87.62977-41.87810--87.90657-43.03890--87.6298,41.8781;-87.7274,41.9521;-87.7611,42.0540;-87.8066,42.1605;-87.8637,42.2663;-87.9018,42.3768;-87.9466,42.4799;-87.9524,42.5965;-87.9537,42.7135;-87.9525,42.8306;-87.9349,42.9443;-87.9066,43.0389",297.6829620732628,0,4.043073230108394,0.1859721463980749,95.95692676989161,100,0,0,0,0,0,0,16,59494402
MW-L,Chicago → Milwaukee,midwest,long,2,Winter 13:00,2026-12-21T19:00:00.000Z,scene,"route-143114.30000-6732.50000--87.62977-41.87810--87.90657-43.03890--87.6298,41.8781;-87.7274,41.9521;-87.7611,42.0540;-87.8066,42.1605;-87.8637,42.2663;-87.9018,42.3768;-87.9466,42.4799;-87.9524,42.5965;-87.9537,42.7135;-87.9525,42.8306;-87.9349,42.9443;-87.9066,43.0389","route-143114.30000-6732.50000--87.62977-41.87810--87.90657-43.03890--87.6298,41.8781;-87.7274,41.9521;-87.7611,42.0540;-87.8066,42.1605;-87.8637,42.2663;-87.9018,42.3768;-87.9466,42.4799;-87.9524,42.5965;-87.9537,42.7135;-87.9525,42.8306;-87.9349,42.9443;-87.9066,43.0389",true,143.1143,112.21666666666667,112.21666666666667,0,387.68327941714017,387.68327941714017,0,0,"route-143114.30000-6732.50000--87.62977-41.87810--87.90657-43.03890--87.6298,41.8781;-87.7274,41.9521;-87.7611,42.0540;-87.8066,42.1605;-87.8637,42.2663;-87.9018,42.3768;-87.9466,42.4799;-87.9524,42.5965;-87.9537,42.7135;-87.9525,42.8306;-87.9349,42.9443;-87.9066,43.0389",387.68327941714017,0,4.187574668329505,0.37566924261151097,95.8124253316705,100,0,0,0,0,0,0,20,69822195
SO-S,Atlanta → Decatur,south,short,4,Summer 08:00,2026-06-21T12:00:00.000Z,scene,"route-10061.00000-818.00000--84.38751-33.74885--84.29607-33.77496--84.3875,33.7489;-84.3810,33.7544;-84.3712,33.7543;-84.3614,33.7552;-84.3528,33.7578;-84.3441,33.7613;-84.3344,33.7624;-84.3250,33.7603;-84.3167,33.7647;-84.3072,33.7667;-84.2992,33.7704;-84.2961,33.7750","route-10061.00000-818.00000--84.38751-33.74885--84.29607-33.77496--84.3875,33.7489;-84.3810,33.7544;-84.3712,33.7543;-84.3614,33.7552;-84.3528,33.7578;-84.3441,33.7613;-84.3344,33.7624;-84.3250,33.7603;-84.3167,33.7647;-84.3072,33.7667;-84.2992,33.7704;-84.2961,33.7750",true,10.061,13.633333333333333,13.633333333333333,0,42.36815198573173,42.36815198573173,0,0,"route-10061.00000-818.00000--84.38751-33.74885--84.29607-33.77496--84.3875,33.7489;-84.3810,33.7544;-84.3712,33.7543;-84.3614,33.7552;-84.3528,33.7578;-84.3441,33.7613;-84.3344,33.7624;-84.3250,33.7603;-84.3167,33.7647;-84.3072,33.7667;-84.2992,33.7704;-84.2961,33.7750",42.36815198573173,0,12.152209242790537,12.927706387520397,87.84779075720947,100,0,0,0,0,0,0,9,26120088
SO-S,Atlanta → Decatur,south,short,4,Summer 13:00,2026-06-21T17:00:00.000Z,scene,"route-10061.00000-818.00000--84.38751-33.74885--84.29607-33.77496--84.3875,33.7489;-84.3810,33.7544;-84.3712,33.7543;-84.3614,33.7552;-84.3528,33.7578;-84.3441,33.7613;-84.3344,33.7624;-84.3250,33.7603;-84.3167,33.7647;-84.3072,33.7667;-84.2992,33.7704;-84.2961,33.7750","route-10061.00000-818.00000--84.38751-33.74885--84.29607-33.77496--84.3875,33.7489;-84.3810,33.7544;-84.3712,33.7543;-84.3614,33.7552;-84.3528,33.7578;-84.3441,33.7613;-84.3344,33.7624;-84.3250,33.7603;-84.3167,33.7647;-84.3072,33.7667;-84.2992,33.7704;-84.2961,33.7750",true,10.061,13.633333333333333,13.633333333333333,0,183.00530461354128,183.00530461354128,0,0,"route-10061.00000-818.00000--84.38751-33.74885--84.29607-33.77496--84.3875,33.7489;-84.3810,33.7544;-84.3712,33.7543;-84.3614,33.7552;-84.3528,33.7578;-84.3441,33.7613;-84.3344,33.7624;-84.3250,33.7603;-84.3167,33.7647;-84.3072,33.7667;-84.2992,33.7704;-84.2961,33.7750",183.00530461354128,0,12.152209242790537,0.5036517984532553,87.84779075720947,100,0,0,0,0,0,0,2,6120568
SO-S,Atlanta → Decatur,south,short,4,Summer 18:00,2026-06-21T22:00:00.000Z,scene,"route-10061.00000-818.00000--84.38751-33.74885--84.29607-33.77496--84.3875,33.7489;-84.3810,33.7544;-84.3712,33.7543;-84.3614,33.7552;-84.3528,33.7578;-84.3441,33.7613;-84.3344,33.7624;-84.3250,33.7603;-84.3167,33.7647;-84.3072,33.7667;-84.2992,33.7704;-84.2961,33.7750","route-10061.00000-818.00000--84.38751-33.74885--84.29607-33.77496--84.3875,33.7489;-84.3810,33.7544;-84.3712,33.7543;-84.3614,33.7552;-84.3528,33.7578;-84.3441,33.7613;-84.3344,33.7624;-84.3250,33.7603;-84.3167,33.7647;-84.3072,33.7667;-84.2992,33.7704;-84.2961,33.7750",true,10.061,13.633333333333333,13.633333333333333,0,83.68863228480028,83.68863228480028,0,0,"route-10061.00000-818.00000--84.38751-33.74885--84.29607-33.77496--84.3875,33.7489;-84.3810,33.7544;-84.3712,33.7543;-84.3614,33.7552;-84.3528,33.7578;-84.3441,33.7613;-84.3344,33.7624;-84.3250,33.7603;-84.3167,33.7647;-84.3072,33.7667;-84.2992,33.7704;-84.2961,33.7750",83.68863228480028,0,12.62726032863401,4.647306265889667,87.37273967136599,100,0,0,0,0,0,0,3,9648402
SO-S,Atlanta → Decatur,south,short,4,Winter 13:00,2026-12-21T18:00:00.000Z,scene,"route-10061.00000-818.00000--84.38751-33.74885--84.29607-33.77496--84.3875,33.7489;-84.3810,33.7544;-84.3712,33.7543;-84.3614,33.7552;-84.3528,33.7578;-84.3441,33.7613;-84.3344,33.7624;-84.3250,33.7603;-84.3167,33.7647;-84.3072,33.7667;-84.2992,33.7704;-84.2961,33.7750","route-10061.00000-818.00000--84.38751-33.74885--84.29607-33.77496--84.3875,33.7489;-84.3810,33.7544;-84.3712,33.7543;-84.3614,33.7552;-84.3528,33.7578;-84.3441,33.7613;-84.3344,33.7624;-84.3250,33.7603;-84.3167,33.7647;-84.3072,33.7667;-84.2992,33.7704;-84.2961,33.7750",true,10.061,13.633333333333333,13.633333333333333,0,92.98073653821243,92.98073653821243,0,0,"route-10061.00000-818.00000--84.38751-33.74885--84.29607-33.77496--84.3875,33.7489;-84.3810,33.7544;-84.3712,33.7543;-84.3614,33.7552;-84.3528,33.7578;-84.3441,33.7613;-84.3344,33.7624;-84.3250,33.7603;-84.3167,33.7647;-84.3072,33.7667;-84.2992,33.7704;-84.2961,33.7750",92.98073653821243,0,12.152209242790537,4.746900667250282,87.84779075720947,100,0,0,0,0,0,0,3,8251735
SO-M,Dallas → Fort Worth,south,medium,4,Summer 08:00,2026-06-21T13:00:00.000Z,scene,"route-51635.30000-2399.80000--96.79675-32.77594--97.33079-32.75550--96.7968,32.7759;-96.8396,32.7663;-96.8885,32.7679;-96.9383,32.7641;-96.9877,32.7588;-97.0378,32.7597;-97.0879,32.7600;-97.1380,32.7600;-97.1881,32.7599;-97.2381,32.7608;-97.2856,32.7499;-97.3308,32.7555","route-51635.30000-2399.80000--96.79675-32.77594--97.33079-32.75550--96.7968,32.7759;-96.8396,32.7663;-96.8885,32.7679;-96.9383,32.7641;-96.9877,32.7588;-97.0378,32.7597;-97.0879,32.7600;-97.1380,32.7600;-97.1881,32.7599;-97.2381,32.7608;-97.2856,32.7499;-97.3308,32.7555",true,51.6353,40,40,0,183.77349143761865,183.77349143761865,0,0,"route-51635.30000-2399.80000--96.79675-32.77594--97.33079-32.75550--96.7968,32.7759;-96.8396,32.7663;-96.8885,32.7679;-96.9383,32.7641;-96.9877,32.7588;-97.0378,32.7597;-97.0879,32.7600;-97.1380,32.7600;-97.1881,32.7599;-97.2381,32.7608;-97.2856,32.7499;-97.3308,32.7555",183.77349143761865,0,1.394614039399214,0.1014386250128799,98.60538596060078,100,0,0,0,0,0,0,12,33652555
SO-M,Dallas → Fort Worth,south,medium,4,Summer 13:00,2026-06-21T18:00:00.000Z,scene,"route-51635.30000-2399.80000--96.79675-32.77594--97.33079-32.75550--96.7968,32.7759;-96.8396,32.7663;-96.8885,32.7679;-96.9383,32.7641;-96.9877,32.7588;-97.0378,32.7597;-97.0879,32.7600;-97.1380,32.7600;-97.1881,32.7599;-97.2381,32.7608;-97.2856,32.7499;-97.3308,32.7555","route-51635.30000-2399.80000--96.79675-32.77594--97.33079-32.75550--96.7968,32.7759;-96.8396,32.7663;-96.8885,32.7679;-96.9383,32.7641;-96.9877,32.7588;-97.0378,32.7597;-97.0879,32.7600;-97.1380,32.7600;-97.1881,32.7599;-97.2381,32.7608;-97.2856,32.7499;-97.3308,32.7555",true,51.6353,40,40,0,608.4688530696864,608.4688530696864,0,0,"route-51635.30000-2399.80000--96.79675-32.77594--97.33079-32.75550--96.7968,32.7759;-96.8396,32.7663;-96.8885,32.7679;-96.9383,32.7641;-96.9877,32.7588;-97.0378,32.7597;-97.0879,32.7600;-97.1380,32.7600;-97.1881,32.7599;-97.2381,32.7608;-97.2856,32.7499;-97.3308,32.7555",608.4688530696864,0,1.394614039399214,0,98.60538596060078,100,0,0,0,0,0,0,5,12986288
SO-M,Dallas → Fort Worth,south,medium,4,Summer 18:00,2026-06-21T23:00:00.000Z,scene,"route-51635.30000-2399.80000--96.79675-32.77594--97.33079-32.75550--96.7968,32.7759;-96.8396,32.7663;-96.8885,32.7679;-96.9383,32.7641;-96.9877,32.7588;-97.0378,32.7597;-97.0879,32.7600;-97.1380,32.7600;-97.1881,32.7599;-97.2381,32.7608;-97.2856,32.7499;-97.3308,32.7555","route-51635.30000-2399.80000--96.79675-32.77594--97.33079-32.75550--96.7968,32.7759;-96.8396,32.7663;-96.8885,32.7679;-96.9383,32.7641;-96.9877,32.7588;-97.0378,32.7597;-97.0879,32.7600;-97.1380,32.7600;-97.1881,32.7599;-97.2381,32.7608;-97.2856,32.7499;-97.3308,32.7555",true,51.6353,40,40,0,226.62183490946825,226.62183490946825,0,0,"route-51635.30000-2399.80000--96.79675-32.77594--97.33079-32.75550--96.7968,32.7759;-96.8396,32.7663;-96.8885,32.7679;-96.9383,32.7641;-96.9877,32.7588;-97.0378,32.7597;-97.0879,32.7600;-97.1380,32.7600;-97.1881,32.7599;-97.2381,32.7608;-97.2856,32.7499;-97.3308,32.7555",226.62183490946825,0,1.5287827319229534,2.241784138058271,98.47121726807704,100,0,0,0,0,0,0,22,60423893
SO-M,Dallas → Fort Worth,south,medium,4,Winter 13:00,2026-12-21T19:00:00.000Z,scene,"route-51635.30000-2399.80000--96.79675-32.77594--97.33079-32.75550--96.7968,32.7759;-96.8396,32.7663;-96.8885,32.7679;-96.9383,32.7641;-96.9877,32.7588;-97.0378,32.7597;-97.0879,32.7600;-97.1380,32.7600;-97.1881,32.7599;-97.2381,32.7608;-97.2856,32.7499;-97.3308,32.7555","route-51635.30000-2399.80000--96.79675-32.77594--97.33079-32.75550--96.7968,32.7759;-96.8396,32.7663;-96.8885,32.7679;-96.9383,32.7641;-96.9877,32.7588;-97.0378,32.7597;-97.0879,32.7600;-97.1380,32.7600;-97.1881,32.7599;-97.2381,32.7608;-97.2856,32.7499;-97.3308,32.7555",true,51.6353,40,40,0,305.46176323396656,305.46176323396656,0,0,"route-51635.30000-2399.80000--96.79675-32.77594--97.33079-32.75550--96.7968,32.7759;-96.8396,32.7663;-96.8885,32.7679;-96.9383,32.7641;-96.9877,32.7588;-97.0378,32.7597;-97.0879,32.7600;-97.1380,32.7600;-97.1881,32.7599;-97.2381,32.7608;-97.2856,32.7499;-97.3308,32.7555",305.46176323396656,0,1.394614039399214,0,98.60538596060078,100,0,0,0,0,0,0,5,12986288
SO-L,Atlanta → Macon,south,long,3,Summer 08:00,2026-06-21T12:00:00.000Z,scene,"route-134469.90000-5841.10000--84.38751-33.74885--83.63239-32.84071--84.3875,33.7489;-84.3981,33.6470;-84.3305,33.5717;-84.2296,33.5040;-84.1626,33.4122;-84.1164,33.3113;-84.0640,33.2115;-84.0037,33.1166;-83.9236,33.0361;-83.8230,32.9681;-83.7107,32.9196;-83.6324,32.8407","route-134469.90000-5841.10000--84.38751-33.74885--83.63239-32.84071--84.3875,33.7489;-84.3981,33.6470;-84.3305,33.5717;-84.2296,33.5040;-84.1626,33.4122;-84.1164,33.3113;-84.0640,33.2115;-84.0037,33.1166;-83.9236,33.0361;-83.8230,32.9681;-83.7107,32.9196;-83.6324,32.8407",true,134.4699,97.35,97.35,0,565.8456104515303,565.8456104515303,0,0,"route-134469.90000-5841.10000--84.38751-33.74885--83.63239-32.84071--84.3875,33.7489;-84.3981,33.6470;-84.3305,33.5717;-84.2296,33.5040;-84.1626,33.4122;-84.1164,33.3113;-84.0640,33.2115;-84.0037,33.1166;-83.9236,33.0361;-83.8230,32.9681;-83.7107,32.9196;-83.6324,32.8407",565.8456104515303,0,0,0,100,100,0,0,0,0,0,0,8,41153727
SO-L,Atlanta → Macon,south,long,3,Summer 13:00,2026-06-21T17:00:00.000Z,scene,"route-134469.90000-5841.10000--84.38751-33.74885--83.63239-32.84071--84.3875,33.7489;-84.3981,33.6470;-84.3305,33.5717;-84.2296,33.5040;-84.1626,33.4122;-84.1164,33.3113;-84.0640,33.2115;-84.0037,33.1166;-83.9236,33.0361;-83.8230,32.9681;-83.7107,32.9196;-83.6324,32.8407","route-134469.90000-5841.10000--84.38751-33.74885--83.63239-32.84071--84.3875,33.7489;-84.3981,33.6470;-84.3305,33.5717;-84.2296,33.5040;-84.1626,33.4122;-84.1164,33.3113;-84.0640,33.2115;-84.0037,33.1166;-83.9236,33.0361;-83.8230,32.9681;-83.7107,32.9196;-83.6324,32.8407",true,134.4699,97.35,97.35,0,1490.1667574931791,1490.1667574931791,0,0,"route-134469.90000-5841.10000--84.38751-33.74885--83.63239-32.84071--84.3875,33.7489;-84.3981,33.6470;-84.3305,33.5717;-84.2296,33.5040;-84.1626,33.4122;-84.1164,33.3113;-84.0640,33.2115;-84.0037,33.1166;-83.9236,33.0361;-83.8230,32.9681;-83.7107,32.9196;-83.6324,32.8407",1490.1667574931791,0,0,0,100,100,0,0,0,0,0,0,8,41153727
SO-L,Atlanta → Macon,south,long,3,Summer 18:00,2026-06-21T22:00:00.000Z,scene,"route-134469.90000-5841.10000--84.38751-33.74885--83.63239-32.84071--84.3875,33.7489;-84.3981,33.6470;-84.3305,33.5717;-84.2296,33.5040;-84.1626,33.4122;-84.1164,33.3113;-84.0640,33.2115;-84.0037,33.1166;-83.9236,33.0361;-83.8230,32.9681;-83.7107,32.9196;-83.6324,32.8407","route-134469.90000-5841.10000--84.38751-33.74885--83.63239-32.84071--84.3875,33.7489;-84.3981,33.6470;-84.3305,33.5717;-84.2296,33.5040;-84.1626,33.4122;-84.1164,33.3113;-84.0640,33.2115;-84.0037,33.1166;-83.9236,33.0361;-83.8230,32.9681;-83.7107,32.9196;-83.6324,32.8407",true,134.4699,97.35,97.35,0,455.47836399400387,455.47836399400387,0,0,"route-134469.90000-5841.10000--84.38751-33.74885--83.63239-32.84071--84.3875,33.7489;-84.3981,33.6470;-84.3305,33.5717;-84.2296,33.5040;-84.1626,33.4122;-84.1164,33.3113;-84.0640,33.2115;-84.0037,33.1166;-83.9236,33.0361;-83.8230,32.9681;-83.7107,32.9196;-83.6324,32.8407",455.47836399400387,0,0,0.47239971404919606,100,100,0,0,0,0,0,0,10,45212577
SO-L,Atlanta → Macon,south,long,3,Winter 13:00,2026-12-21T18:00:00.000Z,scene,"route-134469.90000-5841.10000--84.38751-33.74885--83.63239-32.84071--84.3875,33.7489;-84.3981,33.6470;-84.3305,33.5717;-84.2296,33.5040;-84.1626,33.4122;-84.1164,33.3113;-84.0640,33.2115;-84.0037,33.1166;-83.9236,33.0361;-83.8230,32.9681;-83.7107,32.9196;-83.6324,32.8407","route-134469.90000-5841.10000--84.38751-33.74885--83.63239-32.84071--84.3875,33.7489;-84.3981,33.6470;-84.3305,33.5717;-84.2296,33.5040;-84.1626,33.4122;-84.1164,33.3113;-84.0640,33.2115;-84.0037,33.1166;-83.9236,33.0361;-83.8230,32.9681;-83.7107,32.9196;-83.6324,32.8407",true,134.4699,97.35,97.35,0,698.0721026314499,698.0721026314499,0,0,"route-134469.90000-5841.10000--84.38751-33.74885--83.63239-32.84071--84.3875,33.7489;-84.3981,33.6470;-84.3305,33.5717;-84.2296,33.5040;-84.1626,33.4122;-84.1164,33.3113;-84.0640,33.2115;-84.0037,33.1166;-83.9236,33.0361;-83.8230,32.9681;-83.7107,32.9196;-83.6324,32.8407",698.0721026314499,0,0,0.21587366060862073,100,100,0,0,0,0,0,0,8,41153727
WE-S,Los Angeles → Santa Monica,west,short,3,Summer 08:00,2026-06-21T15:00:00.000Z,scene,"route-25366.20000-1273.60000--118.24356-34.05233--118.49121-34.01962--118.2436,34.0523;-118.2604,34.0518;-118.2778,34.0384;-118.3027,34.0374;-118.3274,34.0355;-118.3524,34.0343;-118.3769,34.0369;-118.3991,34.0294;-118.4237,34.0319;-118.4483,34.0286;-118.4724,34.0237;-118.4912,34.0196","route-25366.20000-1273.60000--118.24356-34.05233--118.49121-34.01962--118.2436,34.0523;-118.2604,34.0518;-118.2778,34.0384;-118.3027,34.0374;-118.3274,34.0355;-118.3524,34.0343;-118.3769,34.0369;-118.3991,34.0294;-118.4237,34.0319;-118.4483,34.0286;-118.4724,34.0237;-118.4912,34.0196",true,25.366199999999996,21.233333333333334,21.233333333333334,0,120.84436949757206,120.84436949757206,0,0,"route-25366.20000-1273.60000--118.24356-34.05233--118.49121-34.01962--118.2436,34.0523;-118.2604,34.0518;-118.2778,34.0384;-118.3027,34.0374;-118.3274,34.0355;-118.3524,34.0343;-118.3769,34.0369;-118.3991,34.0294;-118.4237,34.0319;-118.4483,34.0286;-118.4724,34.0237;-118.4912,34.0196",120.84436949757206,0,6.909476660229445,1.9027434557756362,93.09052333977054,100,0,0,0,0,0,0,9,51337599
WE-S,Los Angeles → Santa Monica,west,short,3,Summer 13:00,2026-06-21T20:00:00.000Z,hybrid-scene,"route-25366.20000-1273.60000--118.24356-34.05233--118.49121-34.01962--118.2436,34.0523;-118.2604,34.0518;-118.2778,34.0384;-118.3027,34.0374;-118.3274,34.0355;-118.3524,34.0343;-118.3769,34.0369;-118.3991,34.0294;-118.4237,34.0319;-118.4483,34.0286;-118.4724,34.0237;-118.4912,34.0196","route-25366.20000-1273.60000--118.24356-34.05233--118.49121-34.01962--118.2436,34.0523;-118.2604,34.0518;-118.2778,34.0384;-118.3027,34.0374;-118.3274,34.0355;-118.3524,34.0343;-118.3769,34.0369;-118.3991,34.0294;-118.4237,34.0319;-118.4483,34.0286;-118.4724,34.0237;-118.4912,34.0196",true,25.366199999999996,21.233333333333334,21.233333333333334,0,306.9897330510484,306.9897330510484,0,0,"route-25366.20000-1273.60000--118.24356-34.05233--118.49121-34.01962--118.2436,34.0523;-118.2604,34.0518;-118.2778,34.0384;-118.3027,34.0374;-118.3274,34.0355;-118.3524,34.0343;-118.3769,34.0369;-118.3991,34.0294;-118.4237,34.0319;-118.4483,34.0286;-118.4724,34.0237;-118.4912,34.0196",306.9897330510484,0,5.709866800985391,0,94.29013319901462,93.78109452736318,0,0,0,0,0,0,7,39648371
WE-S,Los Angeles → Santa Monica,west,short,3,Summer 18:00,2026-06-22T01:00:00.000Z,scene,"route-25366.20000-1273.60000--118.24356-34.05233--118.49121-34.01962--118.2436,34.0523;-118.2604,34.0518;-118.2778,34.0384;-118.3027,34.0374;-118.3274,34.0355;-118.3524,34.0343;-118.3769,34.0369;-118.3991,34.0294;-118.4237,34.0319;-118.4483,34.0286;-118.4724,34.0237;-118.4912,34.0196","route-25366.20000-1273.60000--118.24356-34.05233--118.49121-34.01962--118.2436,34.0523;-118.2604,34.0518;-118.2778,34.0384;-118.3027,34.0374;-118.3274,34.0355;-118.3524,34.0343;-118.3769,34.0369;-118.3991,34.0294;-118.4237,34.0319;-118.4483,34.0286;-118.4724,34.0237;-118.4912,34.0196",true,25.366199999999996,21.233333333333334,21.233333333333334,0,85.90398070771995,85.90398070771995,0,0,"route-25366.20000-1273.60000--118.24356-34.05233--118.49121-34.01962--118.2436,34.0523;-118.2604,34.0518;-118.2778,34.0384;-118.3027,34.0374;-118.3274,34.0355;-118.3524,34.0343;-118.3769,34.0369;-118.3991,34.0294;-118.4237,34.0319;-118.4483,34.0286;-118.4724,34.0237;-118.4912,34.0196",85.90398070771995,0,8.518948780259423,6.451376882846667,91.48105121974058,100,0,0,0,0,0,0,17,103797233
WE-S,Los Angeles → Santa Monica,west,short,3,Winter 13:00,2026-12-21T21:00:00.000Z,hybrid-scene,"route-25366.20000-1273.60000--118.24356-34.05233--118.49121-34.01962--118.2436,34.0523;-118.2604,34.0518;-118.2778,34.0384;-118.3027,34.0374;-118.3274,34.0355;-118.3524,34.0343;-118.3769,34.0369;-118.3991,34.0294;-118.4237,34.0319;-118.4483,34.0286;-118.4724,34.0237;-118.4912,34.0196","route-25366.20000-1273.60000--118.24356-34.05233--118.49121-34.01962--118.2436,34.0523;-118.2604,34.0518;-118.2778,34.0384;-118.3027,34.0374;-118.3274,34.0355;-118.3524,34.0343;-118.3769,34.0369;-118.3991,34.0294;-118.4237,34.0319;-118.4483,34.0286;-118.4724,34.0237;-118.4912,34.0196",true,25.366199999999996,21.233333333333334,21.233333333333334,0,139.26887701735882,139.26887701735882,0,0,"route-25366.20000-1273.60000--118.24356-34.05233--118.49121-34.01962--118.2436,34.0523;-118.2604,34.0518;-118.2778,34.0384;-118.3027,34.0374;-118.3274,34.0355;-118.3524,34.0343;-118.3769,34.0369;-118.3991,34.0294;-118.4237,34.0319;-118.4483,34.0286;-118.4724,34.0237;-118.4912,34.0196",139.26887701735882,0,5.709866800985391,0.7135140576770598,94.29013319901462,98.00995024875621,0,0,0,0,0,0,7,39648371
WE-M,Seattle → Tacoma,west,medium,3,Summer 08:00,2026-06-21T15:00:00.000Z,scene,"route-54125.00000-2725.60000--122.33214-47.60631--122.44446-47.25288--122.3321,47.6063;-122.3204,47.5692;-122.2948,47.5310;-122.2654,47.4920;-122.2659,47.4506;-122.2913,47.4116;-122.2943,47.3677;-122.2947,47.3240;-122.3099,47.2810;-122.3384,47.2421;-122.4028,47.2399;-122.4445,47.2529","route-54125.00000-2725.60000--122.33214-47.60631--122.44446-47.25288--122.3321,47.6063;-122.3204,47.5692;-122.2948,47.5310;-122.2654,47.4920;-122.2659,47.4506;-122.2913,47.4116;-122.2943,47.3677;-122.2947,47.3240;-122.3099,47.2810;-122.3384,47.2421;-122.4028,47.2399;-122.4445,47.2529",true,54.125,45.43333333333333,45.43333333333333,0,283.68823082714925,283.68823082714925,0,0,"route-54125.00000-2725.60000--122.33214-47.60631--122.44446-47.25288--122.3321,47.6063;-122.3204,47.5692;-122.2948,47.5310;-122.2654,47.4920;-122.2659,47.4506;-122.2913,47.4116;-122.2943,47.3677;-122.2947,47.3240;-122.3099,47.2810;-122.3384,47.2421;-122.4028,47.2399;-122.4445,47.2529",283.68823082714925,0,2.1538726599438083,0.2567625265671313,97.84612734005619,100,0,0,0,0,0,0,9,22712003
WE-M,Seattle → Tacoma,west,medium,3,Summer 13:00,2026-06-21T20:00:00.000Z,scene,"route-54125.00000-2725.60000--122.33214-47.60631--122.44446-47.25288--122.3321,47.6063;-122.3204,47.5692;-122.2948,47.5310;-122.2654,47.4920;-122.2659,47.4506;-122.2913,47.4116;-122.2943,47.3677;-122.2947,47.3240;-122.3099,47.2810;-122.3384,47.2421;-122.4028,47.2399;-122.4445,47.2529","route-54125.00000-2725.60000--122.33214-47.60631--122.44446-47.25288--122.3321,47.6063;-122.3204,47.5692;-122.2948,47.5310;-122.2654,47.4920;-122.2659,47.4506;-122.2913,47.4116;-122.2943,47.3677;-122.2947,47.3240;-122.3099,47.2810;-122.3384,47.2421;-122.4028,47.2399;-122.4445,47.2529",true,54.125,45.43333333333333,45.43333333333333,0,626.6633060539207,626.6633060539207,0,0,"route-54125.00000-2725.60000--122.33214-47.60631--122.44446-47.25288--122.3321,47.6063;-122.3204,47.5692;-122.2948,47.5310;-122.2654,47.4920;-122.2659,47.4506;-122.2913,47.4116;-122.2943,47.3677;-122.2947,47.3240;-122.3099,47.2810;-122.3384,47.2421;-122.4028,47.2399;-122.4445,47.2529",626.6633060539207,0,1.8969686056214727,0,98.10303139437853,100,0,0,0,0,0,0,9,22843924
WE-M,Seattle → Tacoma,west,medium,3,Summer 18:00,2026-06-22T01:00:00.000Z,scene,"route-54125.00000-2725.60000--122.33214-47.60631--122.44446-47.25288--122.3321,47.6063;-122.3204,47.5692;-122.2948,47.5310;-122.2654,47.4920;-122.2659,47.4506;-122.2913,47.4116;-122.2943,47.3677;-122.2947,47.3240;-122.3099,47.2810;-122.3384,47.2421;-122.4028,47.2399;-122.4445,47.2529","route-54125.00000-2725.60000--122.33214-47.60631--122.44446-47.25288--122.3321,47.6063;-122.3204,47.5692;-122.2948,47.5310;-122.2654,47.4920;-122.2659,47.4506;-122.2913,47.4116;-122.2943,47.3677;-122.2947,47.3240;-122.3099,47.2810;-122.3384,47.2421;-122.4028,47.2399;-122.4445,47.2529",true,54.125,45.43333333333333,45.43333333333333,0,237.1701522865078,237.1701522865078,0,0,"route-54125.00000-2725.60000--122.33214-47.60631--122.44446-47.25288--122.3321,47.6063;-122.3204,47.5692;-122.2948,47.5310;-122.2654,47.4920;-122.2659,47.4506;-122.2913,47.4116;-122.2943,47.3677;-122.2947,47.3240;-122.3099,47.2810;-122.3384,47.2421;-122.4028,47.2399;-122.4445,47.2529",237.1701522865078,0,1.79510801071736,0.18749786654728057,98.20489198928264,100,0,0,0,0,0,0,11,34317559
WE-M,Seattle → Tacoma,west,medium,3,Winter 13:00,2026-12-21T21:00:00.000Z,scene,"route-54125.00000-2725.60000--122.33214-47.60631--122.44446-47.25288--122.3321,47.6063;-122.3204,47.5692;-122.2948,47.5310;-122.2654,47.4920;-122.2659,47.4506;-122.2913,47.4116;-122.2943,47.3677;-122.2947,47.3240;-122.3099,47.2810;-122.3384,47.2421;-122.4028,47.2399;-122.4445,47.2529","route-54125.00000-2725.60000--122.33214-47.60631--122.44446-47.25288--122.3321,47.6063;-122.3204,47.5692;-122.2948,47.5310;-122.2654,47.4920;-122.2659,47.4506;-122.2913,47.4116;-122.2943,47.3677;-122.2947,47.3240;-122.3099,47.2810;-122.3384,47.2421;-122.4028,47.2399;-122.4445,47.2529",true,54.125,45.43333333333333,45.43333333333333,0,153.12099836254978,153.12099836254978,0,0,"route-54125.00000-2725.60000--122.33214-47.60631--122.44446-47.25288--122.3321,47.6063;-122.3204,47.5692;-122.2948,47.5310;-122.2654,47.4920;-122.2659,47.4506;-122.2913,47.4116;-122.2943,47.3677;-122.2947,47.3240;-122.3099,47.2810;-122.3384,47.2421;-122.4028,47.2399;-122.4445,47.2529",153.12099836254978,0,1.9341790195641504,2.616084305196984,98.06582098043586,100,0,0,0,0,0,0,9,22843924
WE-L,San Francisco → Sacramento,west,long,2,Summer 08:00,2026-06-21T15:00:00.000Z,scene,"route-140584.50000-6439.50000--122.41945-37.77494--121.49441-38.58160--122.4194,37.7749;-122.3058,37.8249;-122.3230,37.9288;-122.2671,38.0174;-122.2301,38.1177;-122.1497,38.2083;-122.0420,38.2823;-121.9597,38.3680;-121.8551,38.4485;-121.7527,38.5297;-121.6168,38.5673;-121.4944,38.5816","route-140584.50000-6439.50000--122.41945-37.77494--121.49441-38.58160--122.4194,37.7749;-122.3058,37.8249;-122.3230,37.9288;-122.2671,38.0174;-122.2301,38.1177;-122.1497,38.2083;-122.0420,38.2823;-121.9597,38.3680;-121.8551,38.4485;-121.7527,38.5297;-121.6168,38.5673;-121.4944,38.5816",true,140.5845,107.33333333333333,107.33333333333333,0,813.9612594123895,813.9612594123895,0,0,"route-140584.50000-6439.50000--122.41945-37.77494--121.49441-38.58160--122.4194,37.7749;-122.3058,37.8249;-122.3230,37.9288;-122.2671,38.0174;-122.2301,38.1177;-122.1497,38.2083;-122.0420,38.2823;-121.9597,38.3680;-121.8551,38.4485;-121.7527,38.5297;-121.6168,38.5673;-121.4944,38.5816",813.9612594123895,0,1.336631941884509,0,98.6633680581155,100,0,0,0,0,0,0,11,44451877
WE-L,San Francisco → Sacramento,west,long,2,Summer 13:00,2026-06-21T20:00:00.000Z,scene,"route-140584.50000-6439.50000--122.41945-37.77494--121.49441-38.58160--122.4194,37.7749;-122.3058,37.8249;-122.3230,37.9288;-122.2671,38.0174;-122.2301,38.1177;-122.1497,38.2083;-122.0420,38.2823;-121.9597,38.3680;-121.8551,38.4485;-121.7527,38.5297;-121.6168,38.5673;-121.4944,38.5816","route-140584.50000-6439.50000--122.41945-37.77494--121.49441-38.58160--122.4194,37.7749;-122.3058,37.8249;-122.3230,37.9288;-122.2671,38.0174;-122.2301,38.1177;-122.1497,38.2083;-122.0420,38.2823;-121.9597,38.3680;-121.8551,38.4485;-121.7527,38.5297;-121.6168,38.5673;-121.4944,38.5816",true,140.5845,107.33333333333333,107.33333333333333,0,1560.688772549724,1560.688772549724,0,0,"route-140584.50000-6439.50000--122.41945-37.77494--121.49441-38.58160--122.4194,37.7749;-122.3058,37.8249;-122.3230,37.9288;-122.2671,38.0174;-122.2301,38.1177;-122.1497,38.2083;-122.0420,38.2823;-121.9597,38.3680;-121.8551,38.4485;-121.7527,38.5297;-121.6168,38.5673;-121.4944,38.5816",1560.688772549724,0,1.0888091006202778,0,98.91119089937972,100,0,0,0,0,0,0,11,48300959
WE-L,San Francisco → Sacramento,west,long,2,Summer 18:00,2026-06-22T01:00:00.000Z,scene,"route-140584.50000-6439.50000--122.41945-37.77494--121.49441-38.58160--122.4194,37.7749;-122.3058,37.8249;-122.3230,37.9288;-122.2671,38.0174;-122.2301,38.1177;-122.1497,38.2083;-122.0420,38.2823;-121.9597,38.3680;-121.8551,38.4485;-121.7527,38.5297;-121.6168,38.5673;-121.4944,38.5816","route-140584.50000-6439.50000--122.41945-37.77494--121.49441-38.58160--122.4194,37.7749;-122.3058,37.8249;-122.3230,37.9288;-122.2671,38.0174;-122.2301,38.1177;-122.1497,38.2083;-122.0420,38.2823;-121.9597,38.3680;-121.8551,38.4485;-121.7527,38.5297;-121.6168,38.5673;-121.4944,38.5816",true,140.5845,107.33333333333333,107.33333333333333,0,352.2931782174513,352.2931782174513,0,0,"route-140584.50000-6439.50000--122.41945-37.77494--121.49441-38.58160--122.4194,37.7749;-122.3058,37.8249;-122.3230,37.9288;-122.2671,38.0174;-122.2301,38.1177;-122.1497,38.2083;-122.0420,38.2823;-121.9597,38.3680;-121.8551,38.4485;-121.7527,38.5297;-121.6168,38.5673;-121.4944,38.5816",352.2931782174513,0,1.588058840610852,0.3709150905553743,98.41194115938914,100,0,0,0,0,0,0,12,58814752
WE-L,San Francisco → Sacramento,west,long,2,Winter 13:00,2026-12-21T21:00:00.000Z,scene,"route-140584.50000-6439.50000--122.41945-37.77494--121.49441-38.58160--122.4194,37.7749;-122.3058,37.8249;-122.3230,37.9288;-122.2671,38.0174;-122.2301,38.1177;-122.1497,38.2083;-122.0420,38.2823;-121.9597,38.3680;-121.8551,38.4485;-121.7527,38.5297;-121.6168,38.5673;-121.4944,38.5816","route-140584.50000-6439.50000--122.41945-37.77494--121.49441-38.58160--122.4194,37.7749;-122.3058,37.8249;-122.3230,37.9288;-122.2671,38.0174;-122.2301,38.1177;-122.1497,38.2083;-122.0420,38.2823;-121.9597,38.3680;-121.8551,38.4485;-121.7527,38.5297;-121.6168,38.5673;-121.4944,38.5816",true,140.5845,107.33333333333333,107.33333333333333,0,543.3717746871241,543.3717746871241,0,0,"route-140584.50000-6439.50000--122.41945-37.77494--121.49441-38.58160--122.4194,37.7749;-122.3058,37.8249;-122.3230,37.9288;-122.2671,38.0174;-122.2301,38.1177;-122.1497,38.2083;-122.0420,38.2823;-121.9597,38.3680;-121.8551,38.4485;-121.7527,38.5297;-121.6168,38.5673;-121.4944,38.5816",543.3717746871241,0,1.164128261531209,0,98.8358717384688,100,0,0,0,0,0,0,12,49695361
